<?xml version="1.0" encoding="UTF-8"?>
<beans xmlns="http://www.springframework.org/schema/beans"
	xmlns:aop="http://www.springframework.org/schema/aop" xmlns:xsi="http://www.w3.org/2001/XMLSchema-instance"
	xmlns:context="http://www.springframework.org/schema/context"
	xmlns:mongo="http://www.springframework.org/schema/data/mongo"
	xsi:schemaLocation="http://www.springframework.org/schema/beans http://www.springframework.org/schema/beans/spring-beans.xsd
	http://www.springframework.org/schema/aop http://www.springframework.org/schema/aop/spring-aop.xsd
	http://www.springframework.org/schema/context http://www.springframework.org/schema/context/spring-context.xsd
	http://www.springframework.org/schema/data/mongo http://www.springframework.org/schema/data/mongo/spring-mongo.xsd">

	<context:property-placeholder location="classpath:mongo.properties" />

	<context:component-scan base-package="com">
		<context:include-filter type="regex"
			expression="..service.*" />
	</context:component-scan>
	
	<aop:aspectj-autoproxy proxy-target-class="true" />

	<mongo:mongo host="${mongo.host}" port="${mongo.port}">
		<mongo:options connections-per-host="${mongo.connectionsPerHost}"
			threads-allowed-to-block-for-connection-multiplier="${mongo.threadsAllowedToBlockForConnectionMultiplier}"
			connect-timeout="${mongo.connectTimeout}" max-wait-time="${mongo.maxWaitTime}"
			auto-connect-retry="${mongo.autoConnectRetry}" socket-keep-alive="${mongo.socketKeepAlive}"
			socket-timeout="${mongo.socketTimeout}" slave-ok="${mongo.slaveOk}"
			write-number="1" write-timeout="0" write-fsync="true" />
	</mongo:mongo>
	
	<mongo:db-factory dbname="${mongo.dbname}" mongo-ref="mongo" />
	
	<bean id="mongoTemplate" class="org.springframework.data.mongodb.core.MongoTemplate">
		<constructor-arg name="mongoDbFactory" ref="mongoDbFactory" />
	</bean>
</beans>
